easy,49
leetcode,151
array,71
aray,1
simulation,6
matrix,10
enumeration,1
medium,88
design,13
ordered-set,3
hash-table,25
binary-search,9
sorting,13
divide-and-conquer,6
bit-manipulation,8
priority-queue,7
prefix-sum,5
quickselect,1
hard,14
dynamic-programming,37
greedy,11
sliding-window,2
math,30
stack,9
queue,3
counting,4
breadth-first-search,30
randomized,1
concurrency,2
string,44
backtracking,4
monotonic-stack,1
recursion,2
depth-first-search,53
memoization,1
bitmask,1
combinatorics,1
geometry,2
hash table,1
graph,10
tree,122
binary-tree,56
union-find,1
shortest-path,1
binary-indexed-tree,1
segment-tree,2
linked-list,5
doubly-linked-list,1
linked_list,1
number-theory,1
search,3
interactive,1
hash-function,3
set,6
game-theory,1
string-matching,2
two-pointers,2
binary-search-tree,15
iterator,2
data-stream,1
topological-sort,1
